{"cameraMode":{"drawMode":0,"name":"Shaded","section":"Shading Mode"},"sceneLighting":false,"audioPlay":false,"sceneViewState":{"showFog":true,"showMaterialUpdate":false,"showSkybox":false,"showFlares":true,"showImageEffects":true,"showParticleSystems":true},"in2DMode":false,"pivot":{"x":-24.153810501098634,"y":-10.603581428527832,"z":5.625869274139404},"rotation":{"x":-0.062452904880046847,"y":-0.7290206551551819,"z":0.06712006777524948,"w":-0.6783268451690674},"size":0.15681606531143189,"orthographic":false}