{"cameraMode":{"drawMode":0,"name":"Shaded","section":"Shading Mode"},"sceneLighting":true,"audioPlay":false,"sceneViewState":{"showFog":true,"showMaterialUpdate":false,"showSkybox":false,"showFlares":true,"showImageEffects":true,"showParticleSystems":true},"in2DMode":false,"pivot":{"x":2.979732036590576,"y":-0.16066484153270722,"z":7.60014009475708},"rotation":{"x":0.14046430587768556,"y":0.8394396305084229,"z":-0.2577352821826935,"w":0.4573931396007538},"size":7.945464611053467,"orthographic":false}