{"cameraMode":{"drawMode":0,"name":"Shaded","section":"Shading Mode"},"sceneLighting":true,"audioPlay":false,"sceneViewState":{"showFog":true,"showMaterialUpdate":false,"showSkybox":true,"showFlares":true,"showImageEffects":true,"showParticleSystems":true},"in2DMode":false,"pivot":{"x":0.959969162940979,"y":0.4020656645298004,"z":-1.082563042640686},"rotation":{"x":-0.07547135651111603,"y":0.8476995825767517,"z":-0.509881317615509,"w":-0.12552151083946229},"size":760.93505859375,"orthographic":false}